File_name,Participant_ID,Program,level_program,housing,year_undergraduate_degree,major,age,gender,years_studying_Spanish,Spanish_in_home,Proficiency_self_evaluation_beginning_of_program,Time,Formality,Text
part1_writing2_formal_mendoza,Participant_1,Mendoza_2022,advanced,host_family,3rd,Psychology and Spanish,20,Female,4.5,No,intermediate low,2,formal,"Hola estimida profesora, 
Espero que esté muy bien. Muchas gracias por todo que esta programa me ha dado. He tenido experencias nuevas y extraordinarias desde llegando aca en Mendoza, Argentina. Especialmente me ha gustado los viajes en los fines de semana donde podemos ver rutas hermosas y vistos increíbles todos juntos. 
Por supuesto, las clases también son muy importantes para yo. Como aca, estoy estudiando español, en los estados unidos estoy estudiando la psicología también. Por eso, tengo un favor a pedirle, si es posible. Sería tan amable a ayudarme con una estudia que tengo que hacer? Nomás yo necesitaría preguntarle algunos preguntas sobre la idea de las programas intercambios y sus afectos y consecuencias en la gente. Podría ser una entrevista muy corto en persona, por llamada, o también por correo electrical, qualquier es la mejor y más facil para usted. 
Las preguntas serían perteneciendo a las actitudes de programas intercambio, incluyendo aspectos de que le gusta o no le gusta y si cree que es una experencia que vale la pena para todas las personas que participan. Muchas gracias por su tiempo a leer esta mensaje y por supuesto por ayudarme si puedes hacer este. Le agradecía mucho. 
 
Saludos, 
[nombre apellido]"
part1_writing2_informal_mendoza,Participant_1,Mendoza_2022,advanced,host_family,3rd,Psychology and Spanish,20,Female,4.5,No,intermediate low,2,informal,"Hola [nombre], 
¡No hemos hablado en demasiado tiempo! ¿Como estás? Espero que estés bien y has pasado bien. Como sabes, estoy en una programa de intercambio en Mendoza, Argentina estudiando español. He pasado muy bien aca y he disfrutado este cambio en vida mucho. Tengo muchos amigos buenos y siempre hay actividades divertidos y nueva para probar, como vistos en la naturaleza durante el día o salir en la noche.
Para una de mis clases, tengo que escribir un ensayo sobre algunas experencias y actitudes perteneciendo a esta idea de estudiar en un país o lugar extranjero. ¿Podría ser posible me envias algunas frases u oraciones que llevan al mente cuando digo ""estudias extranjera""? ¿Harías este tipo de programa si tenías el opción? Cuentame por qué o por qué no. Si podiás,  ¿Adonde te gustaría ir y cual materia estudiarías?
Te agradecía mucho si sea posible hacer este favor para mi, me ayudaría mucho. Por supuesto, por favor decime todo sobre como la vida en Davis está también. Te extraño mucho y tengo ganas de hablar muy pronto y estoy emocionada a verte cuando yo vengo a las estados unidos en diciembre. ¡Hasta luego amiga! 

Nos vemos, 
[nombre apellido]"
part1_writing3_formal_mendoza,Participant_1,Mendoza_2022,advanced,host_family,3rd,Psychology and Spanish,20,Female,4.5,No,intermediate low,3,formal,"Estimido profesor, 
Quería decir, lo mas importante, que he disfrutado mucho tu clase de la literatura esta semestre. Siento que he aprendido mucho sobre los autoras y obras clásicas de esta epoca, exacto la razon porque elegí tomar este curso en el primer lugar. Tengo confianza de que lo que he aprendido aca va a ser útil en mi carrera futura.
Escribo porque confio mucho en su opinión y pericia. Quería preguntarle si podría posible obtener algunas referencias de algunas obras que pueden servirme con me tésis final. Necesito encontrar datos y cifras especificas sobre los movimientos feministas en el siglo XX en latinaamerica. Cree que tiene algunos fuentes que posiblemente yo podría accesar? También, sus investigaciones me interesan mucho y me encantaría preguntarle algunas preguntas sobre sus hallazgos en su última investigación publicada, si tiene tiempo. Es muy impresionante y aspiro a ser invulcrado con investigaciones tan importante un día. 
Para mi, este favor sería muy impactante porque creo que usted tiene la experencia con este tema y que tiene mucho conicimiento que no podría encontrar simplemente en un libro de texto sobre estos temas. Nomás una sóla referencia me ayudaría un montón! Muchas gracias en avance. 
 
Saludos, 
[nombre apellido]"
part1_writing3_informal_mendoza,Participant_1,Mendoza_2022,advanced,host_family,3rd,Psychology and Spanish,20,Female,4.5,No,intermediate low,3,informal,"Hola chica! Como estás? Espero que tu viaje a Buenos Aires el fin de semana pasado fuera re lindo. Adonde fueron ustedes? Me preguntaba si podrías mandarme algunas recomendaciones de la ciudad porque tengo muchas ganas de ir pronto! Extraño mucho viajando porque podés aprender tanto sobre culturas y maneras de vidas diferentes. Me encantaría visitar algunas vistas hermosas en la naturaleza si conoces algunas caminatas buenas. También quiero buscar algunos lugares para salir en la noche, me cansan los boliches de aca mucho... necesito música y vibras nuevas!! Cuál es tu favorita?? Recuerdo que salimos juntas mucho durante la escuela segundaria.. Vamos de nuevo! 
 
Ojala estás muy bien y espero que pases bien con tu regreso a Mendoza! Vamos a salir o cenar algun tiempo pronto! Da un abrazo a sus padres de mi parte porfa! Ciao! 
Besos, 
[nombre]"
part2_writing2_formal_mendoza,Participant_2,Mendoza_2022,advanced,host_family,3rd,Spanish and Economics,20,Female,7,Other: infrequently,intermediate,2,formal,"Querido Profesora, Ojalá que usted está bien. Me gusté la clase de hoy sobre las diferencias entre vos, tú, y usted. Es interesante aprender sobre cada país y la maneras en que la gente comunicarse. Para mejor mis habilidades de aprender español creo que es important empezar con el conociemento de diferencias entre los países latinoamericanos. Lingüística aplicada es un clase muy detallada y a veces estoy un poquito confundida con los materiales del libro de texto. A veces en clases personas están hablando rápido y por eso no entiendo todo. Ya conozco que tenemos un ensayo que necesitamos entregar para la próxima viernes. Tenemos la excursion en viernes a la bodega y un día muy largo mañana con la clase de tango y el session con parejas argentinas. No tengo tiempo para trabajar en mi ensayo en las próximas días. Quiero entregar mi trabajo mas desarrollada y bueno y por eso, usted esta bien si entregar mi ensayo un par de días tarde? Necesito tiempo para ver a mis notas y leer mas en detalla las definiciones de palabras claves. Creo que puedo entregar a las lunes en la mañana. Si tengo el fin de semana mi trabajo estaré mejor. Hasta mañana y gracias por todo. Saludo, [nombre]"
part2_writing2_informal_mendoza,Participant_2,Mendoza_2022,advanced,host_family,3rd,Spanish and Economics,20,Female,7,Other: infrequently,intermediate,2,informal,"Hola che! Qué onda? Ojalá que seas bien, fue un largo tiempo que hemos estar en contacto. Te extraño! Me encanta Mendoza y todo los paisajes y la gente es muy cariñosa. Necesito un favor, es pequeño y creo que puedes ayudarme fácilmente. No tengo un coche acá y quiero comprar réglalos para mi familia para Navidad. El día de Navidad es muy cerca y necesito reglaos para toda mi familia. Mi tío, abuelo, y padre son muy fanáticos de la Copa Mundial. Hay un lugar que vende cosas de fútbol. El partido de Argentina, específicamente Messi, es lo mas favorito de mi tío. Vamos Argentina! Vos gustas al fútbol? Mi mamá le gusta el vino y Mendoza es el lugar mejor para comprar esta pero no sé si puedo llevar an un avión. Los ademas quieren camisas. No hay camisas turísticas acá pero puedo buscar a algo divertido. Por fav, decirme si puedes manejarme un día esta semana para ir de compras. Ya conozco que estas preocupada con exámenes pero espero que el fin de semana funciona. Mendoza shopping es mi lugar favorite pero conoces mejor de mí. Si puedes, voy a comprar almuerzo o cena para los dos. Mi premio! Estaré muy divertido si puedes. Hasta luego amiga!"
part2_writing3_formal_mendoza,Participant_2,Mendoza_2022,advanced,host_family,3rd,Spanish and Economics,20,Female,7,Other: infrequently,intermediate,3,formal,"Hola Professora [nombre], Gracias por los consejos de usted sobre mi fin de semana en Chile. Todo fue muy lindo y quiero ir otra vez. Chile es muy diferente de Mendoza porque la costa está allá. Me gusta más Viña del Mar y Valpariso de Santiago. Aunque, [nombre], la amiga de usted que viva en Santiago, es muy amable y todavía estoy en contacto con ella. Mi pregunta ahora es totalmente diferente pero quería decir a usted esta porque me ayudé mucha. Ahora, estoy escribiendo el ensayo #3 sobre amistad y estoy un poquito confundida. Leí tres cuentos cortitos sobre amistad pero podemos usar solamente dos? Si quiero, puedo usar todos? Y también no sé dónde podría encontrar información sobre amistad en países latinoamericana. Es difícil porque nunca he visitado a alguna diferente país hispanohablante. Usted recomienda a algo sitio de web o persona que puede ayudarme? Puedo conectar con algunas de mis experiencias en Mendoza pero no sé si esto es demasiado obvio. Podemos hablar mañana durante clase también si usted quiere? No tengo clases después de almuerzo. No me importa. Gracias por responder a todas mis preguntas. Nos vemos mañana. Gracias, [nombre]"
part2_writing3_informal_mendoza,Participant_2,Mendoza_2022,advanced,host_family,3rd,Spanish and Economics,20,Female,7,Other: infrequently,intermediate,3,informal,"Hola che! Ojalá que todo esté bien. Estoy en crisis! Estoy bromeando no es un gran cosa pero después de la programa mi familia quiere ir a Mendoza por dos semanas. Soy su guía. Necesito consejos sobre todo en Mendoza. Tengo mis lugares favoritos de acá pero mi familia le gusta toda muy turística no de cafes o parques. Hay un centro comercial que recomiendas? Aristides es divertido pero no sé si es ideal por familias, especialmente en la noche. Mi familia le gusta a cosas tranquilas. Mi mamá le encanta vino, hay una bodega que recomiendas? Su vino favorito es Pinot Noir, y compré una botella para ella en los primeros días de mi viaje. También, fui a Palmares y Mendoza Shopping antes y me gusta los dos pero no sé si podría comprar algo turística allá. Hay algo en los ciudades cerca de Mendoza o es mejor quedarnos en Mendoza solamente? Podemos ir a un cafe para charlar sobre mis preguntas, si quieres. Es mi premio, obvio. Tengo tiempo todo el fin de semana pero en domingo estoy saliendo por Patagonia por una semana. Necesito tu numero de teléfono porque es más fácil comunicar en texto versus correo electrónico. Como siempre, gracias por todo."
part2_writing4_formal_mendoza,Participant_2,Mendoza_2022,advanced,host_family,3rd,Spanish and Economics,20,Female,7,Other: infrequently,intermediate,4,formal,"Hola Profesora [apellido]! Ojalá que usted este bien. Usted este enseñado una clase este trimestre? Me gustaba la clase de usted en el trimestre de verano de linguistica. Necesito un consejo sobre mi decision de va a Argentina este verano. Hay un oportunidad de ir a Mendoza otra vez con “Project World Impact”. No sé si usted sabe de este organización. Es un poquito caro casi $2000 dólares estadounidense para ir por solo cinco días. No sé si es una opción  buena para mí y mi familia. Es un poquito complicado porque tengo dos trabajos este verano y no sé si tengo tiempo para ir. Pero, extraño a mi familia allá y quiero mantener en contacto con ellos. Usted tiene algunos consejos? Tambien sí fuera, quiero ir a diferentes ciudades en Argentina cercano de Argentina. No quiero hablar con mi familia en este momento porque no estoy seguro que puedo quedar con mi familia de acá si fuera allá.  Sí va a Mendoza sola por favor da consejos a que actividades puede hacer. Gracias por el tiempo de usted y ojalá que podemos discutir esta tema en el futuro cercano. Por favor decirme si hay un tiempo para todo el grupo que iba a Mendoza podría reunir en la primevera."
part2_writing4_informal_mendoza,Participant_2,Mendoza_2022,advanced,host_family,3rd,Spanish and Economics,20,Female,7,Other: infrequently,intermediate,4,informal,"Hola Che! Estoy preocupada con mí examen en mi clase de español y necesito tu ayuda. El clase es totalmente dedicado a Don Quijote. En la clase, cada día necesita leer tres capítulos y da comentarios y discutir en clase. Es difícil porque la version de español es muy antigua y también el personaje principal es loco y no confiable. Cuando estaba en Mendoza en el otoño ayudó mucho con mi tarea. Es difícil porque no creo que mi español es en el nivel correcto para obtener una calificación alta. No conozco el estilo de pruebas del profesor tambíen. Podemos estudiar juntos? Hay diferentes personas del viaje a Mendoza que esta en la clase que podemos juntarnos en Zoom. Todos quieren hablar contigo sobre la vida de Mendoza y [nombre]. Conozco que hay una cambia en tiempo pero estoy flexible y puedo juntarnos cuando estas libre. Puedo ayudarte con cualquiera cosa que necesitas. Ojalá que puedes ayudarme. Después de esta clase, no voy a pensar en Don Quijote otra vez. Estoy muy estresada. Quiero que puedes contarme cuentos de su vida hasta hoy en Mendoza Extraño a Mendoza y tambien al Univesidad! Muchas gracias y espero que podemos juntar. Adios!"
part2_writing5_formal_mendoza,Participant_2,Mendoza_2022,advanced,host_family,3rd,Spanish and Economics,20,Female,7,Other: infrequently,intermediate,5,formal,"Hola Profesor [apellido], Soy [nombre], una estudiante en mi tercer año estudiando español. Fui a Mendoza y Buenos Aires en otoño con diferentes estudiantes, una de las estudiantes de usted, se llama [nombre]. A mi me encanta Buenos Aires y podíamos pasar tiempo con dos de los amigos de mis padres. Ellos tienen dos hijas y sus familias siempre vivían en Buenos Aires. Perdón por la introducción demasiado larga pero quiero preguntar le si es posible leer más escritoras de Argentina? Cuando estaba allí, tomaba una clase de literatura totalmente enfocada en Argentina pero por lo general todos eran hombres y pocas eran mujeres. Tomaba clases de historia, literatura, cine, lingüística, y una clase enfocada en conversación con parejas. También, sí usted tiene tiempo ojalá que podamos reunirnos para hablar sobre su tiempo en Argentina y porque usted se mueve a los Estados Unidos? También, quiero aprender más sobre la cultura de Argentina y su familia. Yo pasaba la mayoría de mi tiempo en Argentina en Mendoza, no en Buenos Aires. Pienso que Buenos Aires parece muy similar a Nueva York, pero esto es solamente mi opinión. Fue un viaje que cambió mi vida y estoy muy orgullosa de poder pasar tiempo allí. Ojalá que podamos reunirnos afuera del salón de clases. Gracias!"
part2_writing5_informal_mendoza,Participant_2,Mendoza_2022,advanced,host_family,3rd,Spanish and Economics,20,Female,7,Other: infrequently,intermediate,5,informal,"Hola [nombre]! ¡Extraño a tu familia y a tí! Ojala que todo esté bien con [nombre], [nombre], y tus perros. Es extraño hoy no estoy viviendo con mascotas solamente con ocho diferentes amigas. Extraño a [nombre] y nuestras conversaciones de su pasado o de la clima política. Ella es pequeña pero muy fuerte en sus convicciones y creencias. Necesita ir a Estados Unidos pero esta es una conversación totalmente diferente. Estoy escribiendo un mensaje vía correo electrónico para preguntarle tu dirección. Quiero enviarte fotos de mi vida allí de Estados Unidos y mi universidad Davis. Es un mundo totalmente diferente aquí y es la razón porque necesitas venir. Tengo fotos con mis amigos de imágenes icónicas de Davis y con mi familia. Celebré el día de Pascua con mi familia y [nombre] la semana pasada. No se si celebras allá pero es un día dedicado a la familia y estoy muy feliz que podría pasar con mi familia no sola en la universidad.  Ellos están muy felices de que finalmente estoy con ellos y no en un continente diferente. Ojala que responderé pronto y posiblemente podamos hablar en el teléfono pronto también. Quiero ver fotos de la casa, los perros, tu familia y todo Mendoza cuando tenga tiempo de enviarme. Besos, [nombre]"
part2_writing6_formal_mendoza,Participant_2,Mendoza_2022,advanced,host_family,3rd,Spanish and Economics,20,Female,7,Other: infrequently,intermediate,6,formal,"Hola Profesora [apellido],
Ojalá que todo esté bien con usted. Extraño a Mendoza y mi tiempo allá con mi familia. Porque tenía una experiencia muy buena en Argentina quiero ir a un país hispanohablante otra vez. Estoy navegando en el red sobre la programa Cuerpo de Paz. Es una programa estadounidense que empezó en 1961. Grupos de personas estadounidense va a diferentes países que necesitan ayuda y trabajan allá. La program dura dos años y tres meses. Es una programa voluntaria. Quiero hacerlo para mejorar mis habilidades de hablar español. Para hacer esta programa necesita enviar un solicitud con diferentes aspectos. Necesito escribir una explicación sobre mis razones y motivaciones para hacerla. Específicamente a las programas de países latinoamericanos necesito demostrar mi habilidad de hablar español en un nivel intermedio. Puedo demostrarlo con mis calificaciones o con haciendo un examen. Pero necesito la ayuda de usted con un aspecto diferente que es muy especial. Necesito tres notas de recomendación. Estoy escribiendo a usted por pedir por una nota. Tengo mucha en nuestra relación y porque usted ha veo a mis interacciones y mi actitud en un país hispanohablante creo que usted puede hablar de esto en la nota. Por favor decirme si esto es posible. Podemos hablar en más detalle en persona o en Zoom. Gracias por su tiempo! 
Sinceramente,
[nombre]"
part2_writing6_informal_mendoza,Participant_2,Mendoza_2022,advanced,host_family,3rd,Spanish and Economics,20,Female,7,Other: infrequently,intermediate,6,informal,"Hola [nombre],
¡Te extraño bella! Ojalá que todo estés bien contigo y con tu familia. Pienso en su familia muy frecuentemente porque conozco que es difícil después del muerte de tu abuela. Ustedes son muy fuertes y conozco que estos tiempos difíciles van a mejorar. ¡Por favor mantiene fuerza! 
Perdón por preguntando te a un favor pero tengo una noticia feliz. Necesito tu ayuda con un idea de mio. Mi mejor amiga me invitó a un viaje a Patagonia este verano. Es para sus padres aniversario de matrimonio. Estoy muy entusiasmada a ir a Argentina otra vez. Estamos visitando a Bariloche y después Buenos Aires. Quiero ir a Mendoza también y tengo un plan que necesito tu avisa. Después de Buenos Aires, su familia va a regresa a California pero quiero ir a Mendoza por un par de días. Quiero visitar a tu familia y ir al facultad y mis lugares favoritos que me extraño. También mis padres quieren ir a Mendoza también y conocer a ti y a tu familia. Los días que voy a estar en Mendoza son en la primera semana de Septiembre. Necesito ayuda con ideas que podemos hacer. 
Por favor avísame cuando tienes tiempo. Gracias por todo como siempre. 
Querido,
[nombre]"
part2_writing7_formal_mendoza,Participant_2,Mendoza_2022,advanced,host_family,3rd,Spanish and Economics,20,Female,7,Other: infrequently,intermediate,7,formal,"Hola Profesora [apellido], Ojala que estas bien y estás pasando un buen tiempo con su jubilación en Mendoza. Ojalá que un día muy cerca pueda visitar y volver a Mendoza. Quería oír sobre las cosas que usted estás haciendo hoy. Estoy escribiendo a usted porque estoy solicitando a escuela de derecho ahora y necesito una nota de recomendación. Porque usted conoce a mi en un nivel más personal en comparación de mis otras profesores creo que usted puede escribir mas información y mejor de otros. También, tengo mucho respecto para usted. Si puede incluir detalles de mi personalidad o historias sobre el viaje me gustaría mucho. Si quieres llamarnos también puedo hablar más de mis planes después de universidad. Quiero ser un abogada en la carrera de criminal. Quiero ser un fiscal en el futuro y ayuda a personas que están víctimas de abuso sexual. Por favor decirme si usted puede escribir esta nota para mi. Por favor da un abrazo a [nombre] y todos los profesores de Cuyo. Ojalá que todos estén bien y los nuevos estudiantes de UC Davis pasan un buen tiempo allá en Mendoza. Gracias por todo la apoya de usted como siempre. El consejo de usted me aprecio mucho también. Adiós Profesora [apellido]."
part2_writing7_informal_mendoza,Participant_2,Mendoza_2022,advanced,host_family,3rd,Spanish and Economics,20,Female,7,Other: infrequently,intermediate,7,informal,"Hola Amiga, Te extraño a Mendoza y a la familia de vos che. Después de un año que vine a Mendoza, estoy pensando en mis memorias muy felices. Ojalá que todo estés bien contigo y tu familia. Necesito tu ayuda con una entrevista para mi clase de español. Necesito entrevistar a una persona que es de un país diferente y habla español. Es para mi clase de lingüística aquí en Davis. ¿Podemos llamar al teléfono? Es muy fácil y rápido. No va a tomar mucho tiempo pero conozco que estás ocupado con sus actividades y su familia. Las preguntas son sobre tu experiencia aprendiendo español y tu conocimiento de otros idiomas. Cuando estaba pensando en que persona que puedo elegir, pensé que tu eres perfecta! También, podemos discutir cómo estás y tu vida en Mendoza. Extrano a [nombre] y nosotros compartimos empanadas en Harry's. Ojalá podamos hablar en persona un dia mas cerca. Necesitas visitar San Francisco y ver todo que California ofrece. Y tú tienes un lugar en el que puedes quedarte aquí! También, [nombre] me dijo que Cuyo recibió nuevos estudiantes de UC Davis hoy. Por favor, compartir mi información con su nuevo estudiante de estudio extranjero. Quiero ayudar en cualquier manera que pueda. Gracias por toda tu ayuda como siempre. ¡Adiós Amiga!"
part3_writing2_formal_mendoza,Participant_3,Mendoza_2022,intermediate,host_family,3rd,Major: Human Development; Minor: Public Health and Spanish,20,Female,2,No,intermediate low,2,formal,"¡Hola! 
¿Cómo está? Espero que todo esté bien contigo.
Necesito un favor pequeño de usted si tiene tiempo. Esperaba que tuviera algunos libros u otras recomendaciones para aprender español más rápido. Desde que llegué acá en Mendoza, me he dado cuenta de una gran mejora en mi español. Ahora, yo puedo escuchar y entender mucho más de antes, mi escritura ha mejorado, y tengo más confianza hablando español. Pero aunque hay mucho que no sé y no entiendo. Pienso que ahora mis mayores debilidades son la comprensión auditiva y hablar. 
Soy un poco impaciente, y quiero mejorar más rápido. Estoy aprendiendo español porque quiero viajar a muchos países de habla español y poder tener conversaciones con la gente. Si tiene algún consejo, me encantaría escuchar. Te pregunté porque yo sé que tiene mucha experiencia como profesor y sabe inglés y español. Me gustaría recomendaciones de libros, películas, canciones, ¡algo! Y por favor dime que hay un secreto para recordar todos las diferentes conjugaciones, ambos sabes que hay un montón. 
Agradezco cualquier ayuda, ¡muchas gracias!
[nombre]"
part3_writing2_informal_mendoza,Participant_3,Mendoza_2022,intermediate,host_family,3rd,Major: Human Development; Minor: Public Health and Spanish,20,Female,2,No,intermediate low,2,informal,"¡Hola! 
¿Cómo estás?
Te escribo porque tengo una pregunta. He estado en Mendoza por casi un mes, y tengo solo seis semanas hasta el fin de mi programa. Me siento como mi tiempo acá está pasando muy rápido. Quiero viajar a Argentina y quizás Chile después de este programa, y tengo tiempo porque mis clases terminan el 8 o 9 de diciembre, y mi vuelo a los Estados Unidos es el 22 de diciembre. 
Yo quiero saber si tienes recomendaciones para mis viajes en diciembre, o para los fines de semana mientras tengo escuela. He estado buscando en línea para cosas hacer o los viajes por el día cerca de acá y tengo algunas ideas, pero pensé que es mejor preguntar a alguien de Mendoza también.  El mes pasado, fui a Uspallata y Malargüe con mi clase. Los dos son muy lindos, y vimos Aconcagua que fue increíble. Recuerda que no tengo un carro, por eso los lugares necesitan ser accesibles de bus, tren, o un taxi barato. 
Ojalá tengas una lista muy larga de recomendaciones, así que si no quieres escribirlo podemos encontrar un café o algo. ¡Avísame! 
¡Muchas gracias! 
[nombre]"
part3_writing3_formal_mendoza,Participant_3,Mendoza_2022,intermediate,host_family,3rd,Major: Human Development; Minor: Public Health and Spanish,20,Female,2,No,intermediate low,3,formal,"Hola Profesor, 

¡Espero que todo esté bien! Te escribo sobre el ensayo para mañana. No estuve en clase hoy porque estaba enferma, y todavía estoy un poco enferma. Por eso, no vi la película Relatos Salvajes en clase esta mañana. Quería preguntarte si puedo tener una extensión para mi ensayo. 

Sólo necesitaría uno o dos días más para terminar mi ensayo. Mi plan ahora es ver la película en mi casa, pero me encantaría más tiempo con mi ensayo porque no me siento bien ahora. Entiendo si perderé puntos debido a esto, sólo pensé que iba a pedir. Si esto no es una posibilidad, quizás hay otra tarea como los puntos extra que yo puedo hacer. Avísame por favor. Que tengas un buen fin de semana, y te veré pronto ojalá. 

Muchas gracias, 
[nombre]"
part3_writing3_informal_mendoza,Participant_3,Mendoza_2022,intermediate,host_family,3rd,Major: Human Development; Minor: Public Health and Spanish,20,Female,2,No,intermediate low,3,informal,"Hola!
¿Cómo estás?

Este fin de semana tengo un amigo que viene a Mendoza. Él va a universidad en los Estados Unidos con mi amiga de la escuela secundaria, y también él está haciendo un programa de intercambio en Argentina, pero en Buenos Aires. Mi amiga nos conectó porque ambos estamos en Argentina este semestre. No lo conozco, pero mi amiga me dijo que él es muy simpático y divertido. 

Él está viniendo con algunos de sus amigos, pero nos vamos a encontrar un poco el viernes. Estaba pensando que café es una buena idea, y necesito recomendaciones. Vivo en Juan B. Justo, muy cerca al Centro y todas las plazas si conoces un café en esa zona. Tal vez uno con un patio lindo , así que podemos sentarnos afuera, porque sé que el clima será agradable el viernes. ¡Avísame si piensas en algo!

¡Gracias!
[nombre]"
part11_writing1_formal_madrid,Participant_11,Madrid_2023,advanced,host_family,3rd,"International Relations, Spanish",20,Female,8,No,intermediate high,1,formal,"Hola, Profe,
Espero que sea bien. Tengo una pregunta sobre el examen la semana próxima. Viajaré a Portugal entre el viernes y lunes, y no tengo tiempo de reunir con mi grupo el viernes para estudiar. ¿Es posible que la sesión de estudios mueve al jueves? Más, tengo miedo de mis habilidades de analizar las películas no son suficiente para el examen parcial. ¿Tiene disponibilidad después de clase el jueves para discutir los requerimientos de análisis para la película próxima que nosotros vemos? Específicamente, no sé la diferencia entre paralelismo y simbolismo. En la escena en También la Lluvia, hay confusión entre las dos ideas cuando hablar sobre la cruz y la conexión a Cristóbal Colon con la guerra de agua. Finalmente, para el ensayo dentro el examen, ¿cuántas palabras necesito? ¿La sílaba dice 500, pero en clase dije que necesita 800? ¡Muchas gracias para su ayudo, estoy emocionada para el viaje a Portugal y su clase  al Bar Ocho y Medio para aprender más sobre la cultura de cine en Madrid!
Saludos,
[nombre]"
part11_writing1_informal_madrid,Participant_11,Madrid_2023,advanced,host_family,3rd,"International Relations, Spanish",20,Female,8,No,intermediate high,1,informal,"Hola, amiga,
Necesito ayudo en las direcciones del parque de El Retiro. ¡Este fin de semana, tendré
una fiesta, y puedes venir si quieres! Pero, no sé donde están las mesas dentro el parque.
¿Es posible darme una idea? ¿Además, qué tipo de café quieres? Estoy viniendo a su casa
en la tarde de estudiar y quiero comprarte café para él ayudo. ¡Muchas gracias para su
ayudo, estoy emocionada para la fiesta! Pienso que tengo comida de México allí de Tiki
Taco o Mawey porque mi familia me dice que está muy rica, especialmente los tacos con
nopales. ¡Si tienes recomendaciones de otros lugares de comida, dime! Pues, hasta luego!
Buen fin de semana!
Saludos,
[nombre]"
part11_writing2_formal_madrid,Participant_11,Madrid_2023,advanced,host_family,3rd,"International Relations, Spanish",20,Female,8,No,intermediate high,2,formal,"Hola, Profa,

Espero que sea bien. Quiero preguntarle una cosita. No asistiré la clase el miércoles porque tengo una cita con mi psicóloga. Todo bien, pero tengo los problemas con ansiedad que son obstáculos a mi aprendizaje en la clase. Para miércoles, sé que la clase va al museo del arte en el centro de la ciudad. ¿Es posible que me encuentro contigo a las 4? Mi cita está cerca al museo, pero terminará a las 3:30 y clase empieza a las 3. Por favor, dígame si es posible, si no, puedo hablar con los profesores de [programa].

Muchas gracias,
[nombre]"
part11_writing2_informal_madrid,Participant_11,Madrid_2023,advanced,host_family,3rd,"International Relations, Spanish",20,Female,8,No,intermediate high,2,informal,"Hola,

Espero que sea bien. Quiero preguntarte si quieres ir conmigo al mercado de Rastro el domingo. Es mi cumpleaños y me encantaría comprar un vestido para la cena. Podemos reunirnos a la estación de metro en La Latina y después podemos comer al restaurante de Café del Arte cerca de la calle primaria del mercado. Estoy emocionada si funciona para ti. Dime si tienes preguntas o quieres ir al restaurante diferente. ¡Vale, hasta luego! ¡Ten buen fin de semana!

Saludos,
[nombre]"
part11_writing3_formal_madrid,Participant_11,Madrid_2023,advanced,host_family,3rd,"International Relations, Spanish",20,Female,8,No,intermediate high,3,formal,"Estimado, Profa,
¡Espero que estés bien! Quería notificarle que actualmente estoy buscando un terapeuta a través de recursos de [programa], ya que he experimentado una mayor cantidad de ansiedad, dados los cambios culturales y los sentimientos de estrés que han impactado mi capacidad para tomar exámenes con confianza. No creo que esto cambie nada con respecto a los próximos exámenes, pero quería expresar mis preocupaciones con mi salud mental en caso de que se convierta en un problema notable en el futuro. Sin embargo, estoy tomando medidas para remediar esto con el fin de persistir a través eso y aprovechar mi experiencia aquí.
Saludos,
[nombre]"
part11_writing3_informal_madrid,Participant_11,Madrid_2023,advanced,host_family,3rd,"International Relations, Spanish",20,Female,8,No,intermediate high,3,informal,"Hola, amiga,
¿Estarías abierto a venir a la sirena conmigo este fin de semana? Halle Bailey está en ella y quiero ver la película. Sin embargo, tengo una cita el viernes por la tarde, así que no puede ser entonces. Tal vez podríamos hacer sábado y cena afer? ¿Cómo fue tu viaje este fin de semana? ¡Quiero ver fotos! Tengo un examen por venir, así que creo que tendré tiempo para estudiar y reunirme para tomar un café en la Plaza de Olavide el jueves por la tarde. Hágamelo saber cuando pueda. ¡Hasta luego!
Besitos,
[nombre]"
part11_writing4_formal_madrid,Participant_11,Madrid_2023,advanced,host_family,3rd,"International Relations, Spanish",20,Female,8,No,intermediate high,4,formal,"Estimado, Profe,
Hola, espero que sea bien. Estoy en Davis en un mes, y quiero reunirte para discutir las clases del año próximo. Ahora, tengo tres clases de las ciencias políticas, historia, y la literatura, pero quiero uno más. Sé que tienes clases del arte de la historia de España, específicamente las clases sobre la historia del arte en Catalonia y el País Vasco. He tomado una clase sobre Joaquín Sorolla, pero tengo interés en el arte de Vásquez. Si no hay clase sobre Vásquez, ¿tienes la información o unos recursos en la biblioteca de Vásquez? Muchísimas gracias.
Saludos,
[nombre]"
part11_writing4_informal_madrid,Participant_11,Madrid_2023,advanced,host_family,3rd,"International Relations, Spanish",20,Female,8,No,intermediate high,4,informal,"Hola, espero que seas bien. Quiero ver Taylor Swift en México el 24 de agosto. ¿Quieres ir conmigo? Los billetes cuestan 400 euros (muy caros). Me gustan las canciones ""You're on Your Own Kid"" y ""Red."" ¿Cuáles son tus canciones favoritas? Creo que los billetes pueden ser comprados a través la oficina al estadio. Podemos comprarlos allí. Después de la clase hoy, podemos reunirnos a la cafetería para discutir las detalles. ¡Estoy emocionada para el concierto!
Adios,
[nombre]"
part12_writing1_formal_madrid,Participant_12,Madrid_2023,advanced,host_family,4th,sociology,21,Female,3.5,Yes,intermediate,1,formal,"Buenas tardes Profesora [nombre],
Espero que te encuentro bien y que andas disfrutando Semana Santa. Quería preguntar algo sobre lo que dijiste en clase este semana pasada. Estábamos hablando de la literatura, específicamente de la diferencia de narrativa y discurso. Se que narrativa es cómo se cuenta una historia. Tiene tres partes: el autor, el texto, y el lector. Pero, también se que discurso es como se cuenta la historia y que tiene siete partes. Entonces no entiendo la diferencia de narrativa y discurso. No se si tengo la mala definición por una de las palabras ó si es algo que se ocupa explicar en persona. A lo mejor me ayuda si me puedes dar un ejemplo usando las dos palabras por la misma historia. Otra pregunta, ¿que es la diferencia de la trama de una historia y el discurso? La trama de la historia incluya: la exposicion, el desarrollo, el suspenso, el punto decisivo, el clímax, y el desenlace. La trama también tiene siete partes, igual como el discurso. ¿Son elementos diferentes ó no? ¿sus definiciones son iguales? Esos son mi preguntas del clase. Lo aprecio si puedes clarificar estas palabras de vocabulario de literatura. 
Muchas gracias, 
[nombre]"
part12_writing1_informal_madrid,Participant_12,Madrid_2023,advanced,host_family,4th,sociology,21,Female,3.5,Yes,intermediate,1,informal,"Hola [nombre],
¿Qué tal? ¡Espero que andas disfrutando la fin de semana! Vi que pusistes una fotos en la sociales redes. Se miraba que te estabas divirtiendo. Para la próxima podemos ir a una lugar cercas de Plaza Mayor. He escuchado que tiene bueno música. 
¿Ya empezaste la tarea? Apenas lo estoy haciendo pero estoy un poquita confundida de que ocupamos hacer. Leí el syllabus y tiene el título de una película, Tambíen La Lluvia, by Iciar Bollain y una lectura. ¿Es necesario ver la película antes de la clase que tenemos Lunes a las tres de la tarde y leer la lecture? Por si no los has visto la lectura es Paszkiewicz, “Del cine épico al cine social: El universo metafílmico en También la lluvia (2010) de Icíar Bollaín”. Ó no mas ocupamos leer la lectura? No estoy segura si vamos a ver la película en la sesión de clases el Lunes. 
Pues cuando tengas tiempo a ver la tarea, dejame saber. Puedes responde con correo electrónico o con mi numero de movíl. Pienso que si la tengas! 
Muchas gracias, 
[nombre]"
part12_writing2_formal_madrid,Participant_12,Madrid_2023,advanced,host_family,4th,sociology,21,Female,3.5,Yes,intermediate,2,formal,"Buenos tardes Profesora [nombre], 
Soy [nombre], un estudiante de su clases SPA100 Literatura. Espero que te encuentro bien y que podías disfrutar la fin de semana. En clase mencionastes de un trabajo con la oficina de español para el verano. Dijiste que buscan para una estudiante que puede trabajara 20 horas cada semana en agosto y septiembres. Este pocision me interesa mucho porque para mi carrera estoy buscando para experiencia en la oficina y quiero mejorar mi español. 
Busca en la red y vi que en la aplicación se necesita una carta de recomendación de un profesor ó un empleador pasado. Solamente he trabajado en una heladería, y siento que esa experience no correlates con esta posición. Entonces, si me puedes hacer el gran favor de escribirme una carta de recomendación, lo agradece. 
Si estás de acuerdo, puedo mandarte mi resume y una cover letter. A lo mejor te ayudar a escribirlo porque explicar porque quiero la posición y mis cualificaciones.
Y si no, esta bien! Nos vemos la proxima semana en clase. 
Muchas gracias, 
[nombre]"
part12_writing2_informal_madrid,Participant_12,Madrid_2023,advanced,host_family,4th,sociology,21,Female,3.5,Yes,intermediate,2,informal,"Hola [nombre], 
Cómo estás? Vi en las sociales redes que estuvistes en Germany este fin de semana! Que chido! Fui dos semanas atrás y me encanto. Para mi, aparecer como Suiza porque esta tan bonito y moderna. 
De todos modos, no se si te acuerdas que hicimos en la clase de cultura el jueves 4 de mayo. Pero, si has tomado notas, me los puedes mandar por favor? Es que estuve enferma y no podía ir a la clasa. No quería enfermar a todos. Leí el syllabus y vi la película que era para tarea. Pero, trate de leer las dos lecturas y son muy difíciles. No se si en clase hablaron de ellos. 
Si tienes tiemp este semana, seria mucha ayuda si me los puede explicar un poco. Así cuando llega la exámen puede estudiar las notas. Pues, dejame saber si puedes. Si no, voy a preguntar a alguien más. Muchas gracias! Ó y si sí, entonces nos podemos juntarnos en un lugar de café. Puedo comprarte un café o postre, lo que sea!
Chau, 
[nombre]"
part12_writing3_formal_madrid,Participant_12,Madrid_2023,advanced,host_family,4th,sociology,21,Female,3.5,Yes,intermediate,3,formal,"Buenos dias Profesor,
Espero que has disfrutado el fin de semana. Quería preguntarle de la exámen que to. ¿Cuándo vamos a recibir las calificaciones? Siento que hubo un pregunta que no nos preparó por. La pregunta del mariposa y si ciclo de vida. Después de recibir mis calificaciones, me gustaria hablar contigo. A lo mejor seria posible a corregir la pregunta. Tengo otros clases lunes, martes, y jueves desde 8am hasta 2pm. Si trabaja para usted, podemos juntarnos a las 2:15pm. Dejame saber. 
Muchas gracias, 
[nombre]"
part12_writing3_informal_madrid,Participant_12,Madrid_2023,advanced,host_family,4th,sociology,21,Female,3.5,Yes,intermediate,3,informal,"Que tal amiga,
Me gusto tu video que enseñaste en clases. Era muy chistoso. Me acuerdo que el profesor mencionó que todas de la clase necesita hacer un video. Nunca he sido un proyecto como este. Ni tengo un camera ó un programa para editar. Pienas que cuando llegar el tiempo, puedes ayudarme? Lo aprecia muchísimo. 
También me encanta tu vestido que te pusiste en la fiesta de [nombre] el sábado pasado. Ese color va bien con tu piel. A lo mejor podemos ir a compra tambien si trabajamos juntas en el video. 
Gracias, 
[nombre]"
part13_writing1_formal_madrid,Participant_13,Madrid_2023,advanced,dorm,3rd,"Sociology major, Spanish minor",21,Female,7,No,intermediate high,1,formal,"Buenos días Profesora [apellido],
 
Soy [nombre apellido] de su clase de [nombre del curso]. Tengo unas preguntas sobre las tareas finales que tenemos que entregar este viernes. Primero para el ensayo final, ¿tenemos que incluir una copia de nuestras notas y revisiones? ¿O ya tiene Ud. estas copias de la semana pasada? Entonces para la presentación final, ¿puede Ud. enviar a mis compañeros y yo la rúbrica? Traté de ver la rúbrica ayer, pero creo que el enlace en Canvas no funciona. Y porque vamos a presentar en pares, ¿Ud. va a asignar la nota misma para nuestros dos o dos notas separadas? ¡Gracias!
 
También, me fascina este último tema que estudiamos en [nombre del curso] sobre el género en la literatura. Recuerdo que Ud. mencionó que se enfoca en este tema en sus obras academicas en el departamento español de [nombre de la universidad]. ¿Está Ud. buscando ayudantes estudiantes para su obra academica? Tengo interés en una oportunidad academica relacionada con el género en la literatura y puedo enviarle un resume. Si no existe la oportunidad de ayudar a Ud., ¿sabe otras oportunidades similares en el departamento? ¿Puedo conocerse con Ud. durante sus horas de oficina para discutir la posibilidad de estas oportunidades? ¡Muchas gracias y espero que tiene un buen día!
 
Sinceramente,
[nombre apellido]"
part13_writing1_informal_madrid,Participant_13,Madrid_2023,advanced,dorm,3rd,"Sociology major, Spanish minor",21,Female,7,No,intermediate high,1,informal,"Hola [nombre],
 
Tengo que contarte todo sobre la boda de mi prima. Yo casi llegué tarde en el día de la boda porque me olvidé los zapatos en Davis y tuve que comprar zapatos nuevos dos horas antes de la ceremonia. Pero era muy bonita y voy a hablar contigo sobre los otros detalles más tarde cuando regreso en Davis este semana.
 
Para las dos clases de español que no pudí asistir, ya leí las lecturas asignadas. ¡Eran demasiadas largas! Pero cuando tienes el tiempo, ¿puedes enviarme sus notas de clase? Y también no entiendo mucho el tema de la lectura para el viernes lol. ¿Puedo llamarte por FaceTime antes de la proxima clase porque necesito más ayuda para esta lectura? Después de la FaceTime, si todavía estoy confundida, puedo ir a las horas de oficina del profesor. Adicionalmente, podemos hablar sobre los ensayos, especialmente si el profesor habló de la rúbrica durante mi ausencia. ¿Sabes si tenemos que entregar una tesis para corregir antes de que empezamos el ensayo? Otra vez, ¡muchas gracias por su ayuda mientras tuve la boda en Nueva York! Voy a comprarte un café como mi gracias. !Adios y hasta mañana!
 
-[nombre]"
part13_writing2_formal_madrid,Participant_13,Madrid_2023,advanced,dorm,3rd,"Sociology major, Spanish minor",21,Female,7,No,intermediate high,2,formal,"Buenos dias Señora [apellido],
 
Soy [nombre apellido] de su clase de SPA 101. ¡Espero que tuvó un buen fin de semana!
 
Si es posible, ¿puede Ud. conocerme el miércoles o el domingo para repasar las instrucciones  del proyecto final? Yo sé que sus horas de oficina están en las martes y jueves a las diez de la mañana. Sin embargo, tengo una clase con la asistencia obligatoria durante el tiempo normal de sus horas. Tengo mucho tiempo para conocerle durante este miércoles o este domingo. Entonces, si un de estos días funciona para Ud., puede avisarme su preferencia. Ambos Zoom y en persona funcionan para mí. Tengo flexibilidad también si prefiere una otra manera de discutir sobre el proyecto final cuando no tengo clase.
 
Y un poco de contexto de mi confusión con el proyecto es que no entiendo completamente los motivos del personaje principal de la lectura en que tengo que hacer el proyecto. Por esta razón, tengo dificuldades en el progreso y creo que una discusión consigo va a ayudarme.
 
Muchas gracias y espero que un tiempo fuera de sus horas de oficina normales va a funcionar. Otra vez, ¡gracias!
 
-  [nombre apellido]"
part13_writing2_informal_madrid,Participant_13,Madrid_2023,advanced,dorm,3rd,"Sociology major, Spanish minor",21,Female,7,No,intermediate high,2,informal,"Hola [nombre],
 
¿Cómo estás? Tengo una preguntita para tí, mi mejor amiga. ¿Puedes ayudarme con algo? 
 
Primero el cuento… Ayer cuando fui a la fiesta de cumpleaños para mi primo no regresé a casa hasta las tres de la mañana. Estaba muy cansada y por eso, no me despierté esta mañana hasta las diez y media. Y ahora estoy corriendo a clase (aunque en el autobús) y no voy a tener el tiempo para imprimir el ensayo para nuestra clase hoy. ¿Recuerdo que vas a estar en campus temprano hoy porque tenía que ir a la biblioteca para estudiar? Si estoy correcta, funciona perfecto para mí.
 
Entonces, por favor, por favor, ¿puedes imprimir mi ensayo? Yo voy a apreciarte mucho y por supuesto puedo comprar un café para tí después de clase. Y luego, podemos hablar del fin de semana porque tengo un poco de chisme para contarte.
 
¡Te amo! Y muchas, muchas gracias. Estoy emocionada de verte en una hora y tengo mucho aprecio para tí. Si necesitas mi ayudo con algo en el futuro, recuerda que siempre puedes preguntarme también.
 
- [nombre]"
part13_writing3_formal_madrid,Participant_13,Madrid_2023,advanced,dorm,3rd,"Sociology major, Spanish minor",21,Female,7,No,intermediate high,3,formal,"Buenos dias Profesora [apellido],
 
¿Puede ayudarme con unas preguntas sobre mi programa de estudios para la primavera?  Voy a ir a España en un mes y sé que en el pasado, Ud. era una de los coordinadores del programa. Entonces, yo quiero preguntar sobre mi nivel de español y también sobre la ropa y las cosas que debo traer en el viaje. 
Con el conocimiento que tiene Ud. sobre mi español en las tareas y la participación en clase, ¿cree que debo practicar mi español con más intensidad? Estoy un poca nerviosa sobre mi comunicación en español en España porque solo estoy acostumbrada de usar el español en mis clases. No tengo mucha experiencia con el español en situaciones del mundo real. ¿Puedo ir a sus horas de oficina esta semana en martes o miércoles para discutir mis preocupaciones?
 También sabe si hay cosas comunes que los participantes faltaban cuando estaban en España. Este programa va a ser el tiempo más largo que estoy fuera del país y no puedo pensar en las cosas que tengo que traer. Además, la comunicación antes del programa es dificil de comprender. Entonces, tiene recursos de los años pasados que pueden ayudarme con mi lista para empacar. Si voy a sus horas de oficina, podemos hablar sobre eso también.
Voy a ver a Ud. en clase el lunes. ¡Muchas gracias! Aprecio mucho sus consejos y su tiempo.
 
Sinceramente,
[nombre apellido]
"
part13_writing3_informal_madrid,Participant_13,Madrid_2023,advanced,dorm,3rd,"Sociology major, Spanish minor",21,Female,7,No,intermediate high,3,informal,"Hola [nombre],
 
¿Cómo estás?  Voy a regresar el viernes de mi viaje en Europa y tengo una pregunta para ti. ¿Puedes recargarme del aeropuerto a las 2 de la tarde? Yo quiero verte en el menor tiempo posible. (Y también mis padres están en otro viaje y no pueden ir al aeropuerto para mi.) Yo puedo mostrar mi aprecio con el regalo de un café o del almuerzo cuando llego a las 2. Y también puedo compartir todos de mis cuentos del viaje. No quiero revelar demasiada información pero voy a decir que mi experiencia en una discoteca en Madrid fue muy muy interesante. Me avisas si puedes ir al aeropuerto el viernes.
Y mientras estoy escribiendo, ¡quiero oír sobre la boda de su hermana! Estoy muy feliz por ella y me siento triste que no podía venir a las celebraciones. Como sabes, ella es como una hermana para mí también y me encantan las fotos de la boda que puedo ver en Instagram. Entonces, me llamas temprano para responder porque quiero oír tu voz y hablar de una forma más casual. Te amo y estoy muy emocionada de verte el fin de semana. ¡Mwah! Y muchas gracias si puedes ayudarme este vienres y por ser una amiga magnífica.
 
Ciao,
[nombre]"
part14_writing1_formal_madrid,Participant_14,Madrid_2023,advanced,dorm,4th,International Relations and Spanish double major,22,Female,Native Speaker; moved to US at age 16,Yes,advanced,1,formal,"Re: Vacaciones en Morocco
Buenos días profesora,
Espero que esté disfrutando de sus vacaciones de semana santa en España. Le escribo este e-mail porque he decidido viajar a Morocco durante una de las vacaciones durante mi estancia en España. Me he acordado que durante las introducciones usted mencionó en nuestra clase que ya ha vivido ahí. Tengo muchas ganas de conocer los famosos lugares, comer la comida tradicional de la región y conocer algunos de las personas locales. Le quería preguntar si tiene algunas sugerencias de lugares dónde quedarse, lugares dónde comer, y lugares a donde visitar que no sean los típicos que todos los turistas van? También quisiera saber si hay algunas medidas que tomar para estar segura en Morocco. Voy a estar allí aproximadamente una semana y quiero aprovechar todo el tiempo que pueda ya que es una experiencia que muy pocas personas pueden tener y lo quiero disfrutar al máximo. Le agradezco todo su apoyo con sus respuestas y también en nuestra clase de español avanzado. 
Tenga un buen descanso,
[nombre apellido]"
part14_writing1_informal_madrid,Participant_14,Madrid_2023,advanced,dorm,4th,International Relations and Spanish double major,22,Female,Native Speaker; moved to US at age 16,Yes,advanced,1,informal,"Re: Vacaciones en Morocco
Hola [nombre]!
Te escribo este email porque no se que le ha pasado a mi teléfono en España que no me deja mandar textos. Necesitamos ponernos de acuerdo para organizar bien el viaje a Morocco con todas nuestras amigas de clase. Ya se que [nombre] dijo que ella planearía todo, pero la verdad me siento mal si se lo dejamos todo a ella, aparte me gustaría tener otra opinión ya que aveces cuando alguien hace las cosas solo las preferencias cambian y puede ser que no sean las mejores opciones para todos. Quiero saber qué piensas y si nos ponemos de acuerdo para planear lo de las vacaciones porque debemos de buscar los tickets de avión, lugar donde quedarnos y actividades para hacer en Morocco. Yo le acabo de enviar un email a nuestra maestra de español que vivió allí para ver si ella tiene algunas sugerencias. Espero veas este email porque normalmente usamos textos.
Gracias!!
[nombre apellido]"
part14_writing2_formal_madrid,Participant_14,Madrid_2023,advanced,dorm,4th,International Relations and Spanish double major,22,Female,Native Speaker; moved to US at age 16,Yes,advanced,2,formal,"Buenos días Ms. [apellido],
Espero se encuentre bien, me llamo [nombre apellido] y tomé su clase de La Linguistica en el Español durante el verano de 2022. Le escribo para decirle que su clase causó un impacto en la manera en la que veo el lenguaje y de agradezco todo lo que usted hizo por los estudiantes durante este periodo. También le escribo porque estoy tratando de ir a España en “study abroad” y estoy aplicando para varias becas; las cuales tienen distintos requisitos. Uno de estos requisitos es tener una carta de recomendación para la beca, y le quería preguntar si sería posible que yo tuviera una carta de recomendación suya. Le agradecería mucho este gesto. Por favor dejeme saber si esto es posible ya que la fecha de entrega es en dos meses. 
Espero que tenga un buen resto del día,
[nombre apellido]"
part14_writing2_informal_madrid,Participant_14,Madrid_2023,advanced,dorm,4th,International Relations and Spanish double major,22,Female,Native Speaker; moved to US at age 16,Yes,advanced,2,informal,"Hola [nombre]!,
Mi telefono sigue sin funcionar, entonces todo por email please. ¿Recuerdas que te dije que mi novio me iba a llevar al aeropuerto el dia que me iva a ir a Madrid? Bueno, resulta que su perro se ha puesto muy muy mal y ha tenido que irse a Oakland de urgencia porque el perro es muy viejo y lo han tenído desde que él era un bebé. Entonces, quería preguntarte si estás ocupada el Lunes a las 5 pm y si no estás ocupada quería saber si tu me podrías hacer el favor de llevarme al aeropuerto? Me estoy quedando sin personas a las que preguntar, espero que si puedas. Si no, igual no te preocupes también puedo tomar un Uber pero igual preferiría no hacerlo. Porfa dejame saber lo antes posible.
Gracias amiga!
[nombre]"
part14_writing3_formal_madrid,Participant_14,Madrid_2023,advanced,dorm,4th,International Relations and Spanish double major,22,Female,Native Speaker; moved to US at age 16,Yes,advanced,3,formal,"Buenas tardes Mr. [apellido],
 
Espero esté disfrutando de su fin de semana,
 
Mi nombre es [nombre apellido], y fuí su estudiante de la clase ""Introducción a la cultura Latino-Americana"" que usted enseñó el año pasado durante el trimestre de primavera. Le escribo este email porque le quería decir que disfruté mucho su clase y aprecio toda la ayuda que me proporcionó para poder tener una buena nota en su clase. Durante su clase, me interesé mucho en todas las experiencias que usted nos proporcionó a todos sobre la gente inmigrante, especialmente los videos que miramos de “Humanizando la deportación.” Después de que la clase terminara empecé a buscar por oportunidades para ir a estudiar afuera de los Estados Unidos, y estoy emocionada de poder decirle que he aplicado para entrar en el programa de “Lengua y Cultura en España” durante la Primavera del siguiente año. También estoy en el proceso de aplicar a varias becas y algunas de ellas requieren una carta de recomendación de parte de un profesor de UC Davis. Me preguntaba si usted podría escribir una carta como esta, esto significaría muchisimo para mi y estaría muy agradecida con usted.
 
Por favor dejeme saber si esto es posible,
 
Con gratitud,
 
[nombre apellido]."
part14_writing3_informal_madrid,Participant_14,Madrid_2023,advanced,dorm,4th,International Relations and Spanish double major,22,Female,Native Speaker; moved to US at age 16,Yes,advanced,3,informal,"Hola [nombre],
 
Espero te encuentres bien,
 
Te escribo este email porque no tengo tu número de telefono y he visto que tomas la clase de español [curso] con la profesora [apellido]. La semana pasada no pude atender a dos clases, las del Lunes y el Miercoles debido a que me enfermé muy feo del estomago y estuve en cama. Yo se que el examen se está acercando muy pronto y quería preguntarte si me podrías pasar las notas de estos dos días y decirme si tenemos algo mas que hacer para la clase a parte de la tarea asignada cada semana y el ensayo que se tiene que entregar al asistente de la profesora a mas tardar el fin de semana si es que recuerdo bien y no ha habido ningun cambio. También te quería preguntar si hay algun grupo de estudio ya creado y si no tal ves podemos empezar uno, ya sea por discord, o imessage. También podemos crear un documento en google docs si es necesario para estudiar para el final. 
 
Te agradezco tu apoyo,
 
[nombre apellido]."
part16_writing1_formal_madrid,Participant_16,Madrid_2023,advanced,host_family,2nd,Comparative Literature,19,Male,Native Speaker; moved to US at age 10,Yes,advanced low,1,formal,"Buenas tardes profesora,


Espero que la semana le esté tratando bien. Le escribo porque tenía algunas dudas sobre la firme de viaje que nos piden llenar. ¿Acaso se debe llenar si uno no está viajando fuere del país? Por ejemplo, si mañana yo me voy a una de las ciudades cerca de Madrid, ¿tendría que llenar una? O a caso la cosa cambia dependiendo de la cercanía a Madrid. ¿Hay diferencia de papeleo entre ir al Escorial al contrario de Barcelona?


Otra duda que tenía al respecto es que si debemos llenar esta forma si voy a uno de los viajes organizados por [el programa] como el viaje a Salamanca de la semana próxima. Si el viaje es de parte del programa, ¿aun soy responsable por llenar la forma de viajes?


Por último, quería preguntar si es necesario llenar la forma si voy a viajar a dos ciudades muy cercanas en el mismo país. Qué tal que fuera yo a Milán, Italia y ya ahí me dieran ganas de ir a un pueblo muy cercano, como a media hora de camino. Entonces, ¿se necesitaría agregar el destino extra a la forma o por la proximidad está bien solo registrar que voy a Milán?

Muchas gracias por adelantado y perdone por tanta duda.


Atentamente,
[nombre apellido]"
part16_writing1_informal_madrid,Participant_16,Madrid_2023,advanced,host_family,2nd,Comparative Literature,19,Male,Native Speaker; moved to US at age 10,Yes,advanced low,1,informal,"¡Hola colega!


Ojalá y te encuentres bien. Te escribo para preguntar sobre el viaje a Marruecos que planeamos al otro día. Estoy a punto de comprar mi boleto de avión pero tengo una duda. Hay dos opciones, una más barata pero que sólo incluye una mochila de equipaje y la más cara que incluye la mochila, otra bolsa y una maleta. Quería que me aconsejaras en cual de las dos tomar.


Aunque la de menos equipaje sea más barata y sueñe mejor, en verdad no se cuantas cosas me valla a llevar. No se ni cuánta ropa equipar ni si necesitaré algo además de lo básico. ¿Tu que opinas? Si crees que vamos a necesitar poquita ropa, entonces dímelo para comprarme el boleto barato y ahorrarme unos cuantos euros.


Además, quería preguntarte sobre la situación del taxi. ¿Será mejor pedirle un taxi a la agencia o probar nuestra suerte al aterrizaje? Ya vez que la agencia nos quiere cobrar un precio medio alto y de esto me nace la duda. Por un lado, nos asegura el viaje y no tendremos que preocuparnos de nada al aterrizar, pero no estoy seguro de que esta garantía valga lo que nos quieren cobrar. ¿Qué tal si fuera del aeropuerto hay taxistas que cobren más barato? Te pido tu opinión.


Atentamente,
[nombre apellido]"
part16_writing2_formal_madrid,Participant_16,Madrid_2023,advanced,host_family,2nd,Comparative Literature,19,Male,Native Speaker; moved to US at age 10,Yes,advanced low,2,formal,"Buenas tardes profesor,


Espero que haya tenido un buen fin de semana, ¿como le fue con el frío? Ya vio que bajó mucho la temperatura. Solamente le escribía para pedirle un gran favor.
Ya sabe usted que yo nunca le he pedido nada, que siempre participo en clase y nunca he entregado una tarea tarde. Yo me esfuerzo mucho en su clase, pero esta vez tengo un grave problema.
Verá, este fin de semana falleció mi abuelita. Esto es algo muy duro para mi, espero y usted lo entienda. Estas noticias han exasperado a toda la familia y los últimos cuantos días han sido muy caóticos.
El plan para el funeral es que sea este próximo fin de semana, por eso quiero acudir a usted por ayuda. Entiendo que el examen final será este lunes que sigue y se que usted es muy estricto con sus fechas. Pero por favor, le pido que me de una extensión para el examen. 
Con la tragedia yo no me siento capaz de continuar a enfocarme completamente en el estudio. Esto es algo que me ha dolido mucho. Además, hay muchas cosas que hacer durante estos días y se me hace imposible poder estudiar.
El fin de semana, que es cuando esperaba echarle las más ganas al estudio, ahora es la fecha del entierro. No veo ninguna manera en la que yo logré forzarme a estudiar. 
Por esto, le pido una semana más para que yo tome el examen. Por favor.


Atentamente,
[nombre apellido]"
part16_writing2_informal_madrid,Participant_16,Madrid_2023,advanced,host_family,2nd,Comparative Literature,19,Male,Native Speaker; moved to US at age 10,Yes,advanced low,2,informal,"Buenas tardes compa!


Ya hace tiempo que no nos vemos, deberías pasar por mi casa alguna tarde para platicar. ¿Cómo está tu familia? ¿Todos bien? Espero que sí. Les mandas mis saludos a todos.
Fíjate pues que te quería pedir un gran favor. Aunque me de mucha pena, esto es algo que te necesito pedir, porque yo se que tú eres el único en el que yo puedo confiar. Y como no vas a serlo tu, si nos conocemos desde hace ya muchos años.
Éramos apenas chamacos, ¿te acuerdas? cuando nos conocimos en la escuela. Pasamos muchos días, tardes y noches juntos. Contigo yo he hecho lil recuerdos. Y tu sabes que que siempre nos hemos cuidado de uno a otro.
Nunca nos hemos dado la espalda, para nosotros el apoyo y la lealtad es todo. Recuerda que fui yo el que te regaló aquella mesa del comedor cuando tu comías en el piso y que siempre te daba estadía en mi cantón cuando tú la necesitabas. Y fuiste tú el que me alimento en aquellos tristes días de invierno en los cuales yo me andaba muriendo de hambre.
Después de tanto tiempo y tantas experiencias yo te considero mi más gran amigo, por eso he venido hacia ti en este tiempo de necesidad. Te lo juro por mi vida que no tengo a nadie más, que tu eres mi única esperanza. Por lo que mas quieras, escucha mi plegaria; no seas sordo ante mi llanto.
Te lo pido por favor, préstame unos 20 dólares.


Atentamente,
[nombre apellido]"
part16_writing3_formal_madrid,Participant_16,Madrid_2023,advanced,host_family,2nd,Comparative Literature,19,Male,Native Speaker; moved to US at age 10,Yes,advanced low,3,formal,"Buenas tardes profesora,


Espero que esta semana le haya ido bien. Solo le escribía para hacerle una pregunta sobre nuestro escrito final. ¿Cómo es que hago la conclusión? Esto lo pregunto porque en realidad no tengo idea de cómo escribirla.
Nunca estoy seguro de cómo acabar los escritos y de que manera hacerlo, por eso busco su ayuda. ¿Acaso debo de resumir todo en ese último párrafo? Pensé en hacer esto al principio, pero se me hace un poco redundante. El escrito no es largo, ¿para que resumir si uno simplemente lo puede volver a leer?


¿O es que debería añadirle a mi argumento una última vez? De esta forma no resumo nada, ¿pero como se diferencia de los otros párrafos que forman el cuerpo del trabajo? Además, no parecería que fuera el cierre de mi escrito, sino una simple extensión.
Entonces, ¿qué hago? También se me ocurrió tratar de expandir mis ideas en una forma que le hagan al lector pensar críticamente sobre el tema que estoy tratando. Tal vez este sea un cierre propio.
De todos modos, espero u usted pueda ayudarme. Espero su respuesta con ansia, ya que esto es algo que me concierne mucho. Gracias por adelantado.


Saludos,
[nombre apellido]"
part16_writing3_informal_madrid,Participant_16,Madrid_2023,advanced,host_family,2nd,Comparative Literature,19,Male,Native Speaker; moved to US at age 10,Yes,advanced low,3,informal,"Hola amigo,


¿Cómo andamos? ¿Cómo te esta tratando este frío? Fíjate que a mi me esta poniendo como camote, ya me desacostumbré. Duré mucho en el calor y en lo seco que aquí me está yendo mal, el aire fresco me afecta mucho.
Pero bueno, te ando contactando porque te quería pedir un favor. Si conoces de algún lugar que esté rentando cuartos por favor avísame que estoy en necesidad. La situación se está poniendo difícil por acá y ya no tengo donde vivir para el siguiente año escolar. Dado a esto, estoy buscando donde acomodarme.
No quiero la gran cosa la verdad, solo quiero encontrar donde vivir. Yo ya he preguntado por aquí y por allá pero entre más opciones tenga mejor. Hay unos lugares que están muy caros, ¿tú crees? 800 al mes por un cuarto. Yo no la hago viviendo así, esta muy caro.
Como yo se que tú conoces a muchas personas te pido tu ayuda. Si le haces el favor, pregunta a ver qué encuentras. Ya sabes que yo encajo con la gente muy fácilmente, con lo que sea me acomodo. Bueno, espero tu respuesta y ojalá nos veamos pronto, que ya hace tiempo no nos juntamos.


Saludos,
[nombre apellido]"
part17_writing1_formal_madrid,Participant_17,Madrid_2023,beginner,host_family,1st,African American Studies,19,Female,0.2,Other: infrequently,beginner,1,formal,"[nombre],
Hola! Yo soy [nombre]. Tango dos preguntas para la tarea anoche. Cuando complételas frases gustar,  es nessaserio  para todos pronombres. Como yo, tu, el/ella/usted, nosotros, vosotros, y ellos/ellas/ustedes. Para mi otra pregunta es para la a
“a”. Es a nesiserio el todo? Tengo un buena día. Gracias. 
[nombre]"
part17_writing1_informal_madrid,Participant_17,Madrid_2023,beginner,host_family,1st,African American Studies,19,Female,0.2,Other: infrequently,beginner,1,informal,"Hola chica,
Cómo está? Que es para terea? Solamente los freses con gustar? Yo quiero no más porque tengo much sueño. Tú creates frases con todo pronombre o solamente uno. Yo cero frase solamente con yo, pero con todos gustar (como me gusto o no me gusto).  Gracias. Tiene un bueno día. Adiós,
[nombre]"
part17_writing2_formal_madrid,Participant_17,Madrid_2023,beginner,host_family,1st,African American Studies,19,Female,0.2,Other: infrequently,beginner,2,formal,"Hola Professor,
Como esta? Te estoy por que tengo una pregunta de el examen. Quiero ayunar con los marks de la examine la semana pasado. Yo tengo un 89%. Es posible para uno más punto? Yo estudio mucho, perro la noche después tuve una noche difícil, y yo quio ayuda. Gracias para usted tiempo,
[nombre]"
part17_writing2_informal_madrid,Participant_17,Madrid_2023,beginner,host_family,1st,African American Studies,19,Female,0.2,Other: infrequently,beginner,2,informal,"Hola,
necesito ayudar. No tiene dinero hoy para un coche, perro tengo un examen hoy en 30 minutos. Por favor Vemo 20 o 30 dollars? Por favor 🥺 necesito un Uber. Yo paga para tu comida después. Por favor.
sinceramente,
[nombre] 
PS se donde vives"
part17_writing3_formal_madrid,Participant_17,Madrid_2023,beginner,host_family,1st,African American Studies,19,Female,0.2,Other: infrequently,beginner,3,formal,"Hola Profesora [nombre],
Yo tengo un pequeño enfermo.  Para mañana, no voy a la esquela, porque no querido usted y la otra estudiantes tiene enferma también. Que es la terra para mañana. Es posible para yo tengo las temas? Yo estudio en mi curro para mañana.
Muchas gracias,
[nombre apellido]"
part17_writing3_informal_madrid,Participant_17,Madrid_2023,beginner,host_family,1st,African American Studies,19,Female,0.2,Other: infrequently,beginner,3,informal,"Hola amiga,
Yo tengo enfermo y no quiero voy a la esquela mañana. Puedes darmes las notas? Yo estudio en mi cama, prometo. Buena suerte mañana. Y por favor hablo la profesora porque yo no he ido. Y la terra también. ok Adiós,
[nombre]"
part17_writing4_formal_madrid,Participant_17,Madrid_2023,beginner,host_family,1st,African American Studies,19,Female,0.2,Other: infrequently,beginner,4,formal,"Hola señora,
Coma está?  Tu tiene un día bueno? Yo necesito un poco consejo para adquisición español en los estados unido. Cuando estoy aquí, yo no tengo amigos o personas para hablar con. Echo  menos de hablar en español el total tiempo. Tu tiene recomendación para escuchando español?
gracias,
[nombre]"
part17_writing4_informal_madrid,Participant_17,Madrid_2023,beginner,host_family,1st,African American Studies,19,Female,0.2,Other: infrequently,beginner,4,informal,"Hola mi amigo,
Yo quiero practicar  español pero nadie en mi familia o mi amigas hablan español. Todos personas hablan español vive lejos de yo. Que debería hacer? Yo quiero practicar con música. Cuál es con tu canción favorita? tú tienes otra recomendaciones? Yo quiero hablamos con otras personas. cómo crees que esto es posible? Quiero Ayuda por favor. 
Adiós,
[nombre]"
part18_writing1_formal_madrid,Participant_18,Madrid_2023,beginner,dorm,3rd,International Relations & Psychology,19,Female,0,No,beginner,1,formal,"Hola Señora, Me llamo [nombre], mi estudiante en clase de literatura. Me gusta escuchar tu lecturas. Yo soy pregunte. Mi necesito tu afuera, por favor. Cuantos años tienes? Mi curiosa.  Tengo diecinueve años. Tu es color favorito? Mi color favorito es azul. Yo quiero el informaciones para mi project."
part18_writing1_informal_madrid,Participant_18,Madrid_2023,beginner,dorm,3rd,International Relations & Psychology,19,Female,0,No,beginner,1,informal,"Hola Chica, Me llamo [nombre]. Mi muy caliente, pregunta por favor. De donde eres islas filipinas, mi necesito un casa? Yo no habla español fluente, yo no tengo dólares, yo no tengo comida. Mi paridad. Los siento amiga, mi paridad. Habla inglés? Habla árabe? Afuera por favor, mi cansada."
part18_writing2_formal_madrid,Participant_18,Madrid_2023,beginner,dorm,3rd,International Relations & Psychology,19,Female,0,No,beginner,2,formal,"Hola Señora [nombre], pregunta por favor? Quiero ayudar con mi asignaciones. Puedo pedirte un favor por que yo no comprehende el asignaciones. Puedo tener una extensión? Cuanta uso el tiempo estudiando hasta que mi sienta list. Quiero pasar más tiempo estudiando y escribo. Gracias por toda la ayuda y amable."
part18_writing2_informal_madrid,Participant_18,Madrid_2023,beginner,dorm,3rd,International Relations & Psychology,19,Female,0,No,beginner,2,informal,Hola chica. Necesito favor por favor. ¿Puedo ver el notas? No tengo tiempo de estudiar el la noche. Sé que te mucho tiempo escribe y estudie. Gracias por tu ayuda. Quiero comprar el helado después el examen porque celebrar terminados. Yo sincero tengo amigos inteligentes y responsables.
part18_writing3_formal_madrid,Participant_18,Madrid_2023,beginner,dorm,3rd,International Relations & Psychology,19,Female,0,No,beginner,3,formal,"Hola Señora! Yo soy un estudiante nuevo en el programa de español y quiero ayuda. Necesito ayuda con mi pronunciación en español. Yo no entiendo y quiero practicar algunas frases básicas con usted. Yo entiendo y me gusta otras pronouns pero yo no entiende usted. ¿Podemos hacer algunos ejemplos de práctica y puedes explicarlo más hasta que lo entienda después de la escuela? Realmente aprecio toda su ayuda y quiero gracias a tu. Creo que me sentiré más seguro hablando y escribiendo después de aprender más. Muchas gracias de antemano, [nombre apellido]"
part18_writing3_informal_madrid,Participant_18,Madrid_2023,beginner,dorm,3rd,International Relations & Psychology,19,Female,0,No,beginner,3,informal,"Hola amiga, Espero que estés bien. Me gustaría pedirte un favor. Estoy buscando practicar mi español y me preguntaba si podrías ayudarme. ¿Podríamos hablar en español y enviarnos mensajes para que pueda practicar el idioma? Sería genial tener a alguien de mi edad con quien practicar.¡Gracias! Saludos, [nombre apellido]"
part18_writing4_formal_madrid,Participant_18,Madrid_2023,beginner,dorm,3rd,International Relations & Psychology,19,Female,0,No,beginner,4,formal,"Estimado maestro,
Espero que esté bien. Quiero pedir su consejo sobre cómo escribir ensayos académicos en español. Me gustaría mejorar mi estructura de argumentos, gramática y vocabulario. ¿Podría sugerirme algunos materiales, lecturas o ejercicios que me ayuden a lograr este objetivo? Agradezco mucho su orientación y experiencia en este asunto.
Muy bien, [nombre apellido]"
part18_writing4_informal_madrid,Participant_18,Madrid_2023,beginner,dorm,3rd,International Relations & Psychology,19,Female,0,No,beginner,4,informal,"Hola [nombre],
Espero que tu verano esté yendo bien. Quería pedirte consejo sobre algo. ¿Crees que es inteligente para mí trabajar a tiempo completo como estudiante? Sé que tienes experiencia trabajando y estudiando al mismo tiempo. ¿Lo recomiendan? ¿Fue fácil ser un buen estudiante? Agradezco cualquier consejo, gracias.
Muy bien, [nombre apellido]"